matricula;nome;nota1;nota2
432;amauri;5.670000;8.760000
543;ze;7.540000;1.230000
51231;pedro;5.420000;8.760000
